name,classifier,accuracy,precision,recall,f1_score,cv_avg,cv_std_dev
"Jar - No correlation filter, no K best feature",,,,,,,
,classification tree,0.5789473684210527,0.5384615384615384,0.7777777777777778,0.6363636363636364,0.53,0.25219040425836986
,neural network,0.5263157894736842,0.5,0.2222222222222222,0.30769230769230765,0.47000000000000003,0.16155494421403513
,naives bayes,0.5789473684210527,0.5294117647058824,1.0,0.6923076923076924,0.585,0.2236626924634504
,KNN,0.7894736842105263,0.6923076923076923,1.0,0.8181818181818181,0.545,0.1767059704707229
,SVM,0.5789473684210527,0.5555555555555556,0.5555555555555556,0.5555555555555556,0.645,0.15724185193516388
,random forest,0.6842105263157895,0.6363636363636364,0.7777777777777778,0.7000000000000001,0.6599999999999999,0.25079872407968906
"Jar - 90% correlation filter, no K best feature",,,,,,,
,classification tree,0.7368421052631579,0.75,0.6666666666666666,0.7058823529411765,0.525,0.21242645786248002
,neural network,0.5263157894736842,0.0,0.0,0.0,0.53,0.16155494421403513
,naives bayes,0.5263157894736842,0.5,0.7777777777777778,0.6086956521739131,0.5,0.2280350850198276
,KNN,0.7894736842105263,0.6923076923076923,1.0,0.8181818181818181,0.525,0.18062391868188443
,SVM,0.47368421052631576,0.45454545454545453,0.5555555555555556,0.5,0.445,0.23500000000000001
,random forest,0.7368421052631579,0.7,0.7777777777777778,0.7368421052631577,0.52,0.21702534414210706
"Jar - 80% correlation filter, no K best feature",,,,,,,
,classification tree,0.7368421052631579,0.7,0.7777777777777778,0.7368421052631577,0.6,0.17175564037317667
,neural network,0.47368421052631576,0.47058823529411764,0.8888888888888888,0.6153846153846153,0.355,0.2229910312097776
,naives bayes,0.631578947368421,0.5833333333333334,0.7777777777777778,0.6666666666666666,0.42000000000000004,0.2135415650406262
,KNN,0.7894736842105263,0.7272727272727273,0.8888888888888888,0.7999999999999999,0.495,0.2412985702402731
,SVM,0.47368421052631576,0.4444444444444444,0.4444444444444444,0.4444444444444444,0.48,0.22715633383201095
,random forest,0.631578947368421,0.6,0.6666666666666666,0.631578947368421,0.54,0.28879058156387305
"Jar - No correlation filter, 5 K best feature",,,,,,,
,classification tree,0.3684210526315789,0.2857142857142857,0.2222222222222222,0.25,0.545,0.20910523666326483
,neural network,0.5789473684210527,0.5384615384615384,0.7777777777777778,0.6363636363636364,0.595,0.33425289826716537
,naives bayes,0.42105263157894735,0.4375,0.7777777777777778,0.56,0.61,0.2083266665599966
,KNN,0.5789473684210527,0.5294117647058824,1.0,0.6923076923076924,0.5700000000000001,0.24413111231467408
,SVM,0.47368421052631576,0.46153846153846156,0.6666666666666666,0.5454545454545455,0.725,0.2358495283014151
,random forest,0.3684210526315789,0.4,0.6666666666666666,0.5,0.575,0.2003122562401013
"Jar - 90% correlation filter, 5 K best feature",,,,,,,
,classification tree,0.47368421052631576,0.4444444444444444,0.4444444444444444,0.4444444444444444,0.605,0.18634645153584223
,neural network,0.5263157894736842,0.5,0.6666666666666666,0.5714285714285715,0.615,0.2559785147234041
,naives bayes,0.42105263157894735,0.4375,0.7777777777777778,0.56,0.64,0.16703293088490065
,KNN,0.631578947368421,0.5625,1.0,0.72,0.495,0.265941722939444
,SVM,0.42105263157894735,0.42857142857142855,0.6666666666666666,0.5217391304347826,0.515,0.2313547060251855
,random forest,0.47368421052631576,0.46153846153846156,0.6666666666666666,0.5454545454545455,0.5599999999999999,0.2690724809414742
"Jar - 80% correlation filter, 5 K best feature",,,,,,,
,classification tree,0.6842105263157895,0.7142857142857143,0.5555555555555556,0.6250000000000001,0.615,0.20130822139197396
,neural network,0.47368421052631576,0.0,0.0,0.0,0.5,0.04472135954999579
,naives bayes,0.5789473684210527,0.5384615384615384,0.7777777777777778,0.6363636363636364,0.6599999999999999,0.17291616465790582
,KNN,0.7894736842105263,0.7777777777777778,0.7777777777777778,0.7777777777777778,0.615,0.20130822139197393
,SVM,0.631578947368421,0.6,0.6666666666666666,0.631578947368421,0.61,0.2083266665599966
,random forest,0.6842105263157895,0.6666666666666666,0.6666666666666666,0.6666666666666666,0.525,0.21242645786248
"Jar - No correlation filter, 10 K best feature",,,,,,,
,classification tree,0.3157894736842105,0.3,0.3333333333333333,0.3157894736842105,0.595,0.1556438241627338
,neural network,0.47368421052631576,0.45454545454545453,0.5555555555555556,0.5,0.595,0.29449108645254446
,naives bayes,0.5263157894736842,0.5,0.7777777777777778,0.6086956521739131,0.6599999999999999,0.17291616465790582
,KNN,0.42105263157894735,0.4166666666666667,0.5555555555555556,0.4761904761904762,0.54,0.28879058156387305
,SVM,0.42105263157894735,0.4166666666666667,0.5555555555555556,0.4761904761904762,0.605,0.2583118270617898
,random forest,0.3157894736842105,0.35714285714285715,0.5555555555555556,0.43478260869565216,0.5900000000000001,0.22781571499789036
"Jar - 90% correlation filter, 10 K best feature",,,,,,,
,classification tree,0.5263157894736842,0.5,0.6666666666666666,0.5714285714285715,0.45999999999999996,0.1445683229480096
,neural network,0.47368421052631576,0.4666666666666667,0.7777777777777778,0.5833333333333334,0.33999999999999997,0.2745906043549196
,naives bayes,0.5789473684210527,0.5384615384615384,0.7777777777777778,0.6363636363636364,0.64,0.16703293088490065
,KNN,0.8421052631578947,0.8,0.8888888888888888,0.8421052631578948,0.595,0.191637678967368
,SVM,0.42105263157894735,0.3333333333333333,0.2222222222222222,0.26666666666666666,0.465,0.2291833327273168
,random forest,0.7894736842105263,0.7777777777777778,0.7777777777777778,0.7777777777777778,0.6,0.13038404810405296
"Jar - 80% correlation filter, 10 K best feature",,,,,,,
,classification tree,0.7368421052631579,0.75,0.6666666666666666,0.7058823529411765,0.5900000000000001,0.22781571499789036
,neural network,0.5789473684210527,0.5294117647058824,1.0,0.6923076923076924,0.5,0.04472135954999579
,naives bayes,0.631578947368421,0.5833333333333334,0.7777777777777778,0.6666666666666666,0.585,0.25889186931999236
,KNN,0.7894736842105263,0.7777777777777778,0.7777777777777778,0.7777777777777778,0.615,0.20130822139197393
,SVM,0.5789473684210527,0.5555555555555556,0.5555555555555556,0.5555555555555556,0.5549999999999999,0.24944939366532845
,random forest,0.6842105263157895,0.6666666666666666,0.6666666666666666,0.6666666666666666,0.475,0.21242645786248
"Jar - No correlation filter, 18 K best feature",,,,,,,
,classification tree,0.5263157894736842,0.5,0.7777777777777778,0.6086956521739131,0.655,0.2339337513057917
,neural network,0.6842105263157895,0.6666666666666666,0.6666666666666666,0.6666666666666666,0.63,0.2694438717061496
,naives bayes,0.5263157894736842,0.5,0.8888888888888888,0.64,0.635,0.1975474626513841
,KNN,0.7894736842105263,0.7272727272727273,0.8888888888888888,0.7999999999999999,0.5700000000000001,0.18601075237738277
,SVM,0.631578947368421,0.6,0.6666666666666666,0.631578947368421,0.49000000000000005,0.2690724809414742
,random forest,0.6842105263157895,0.6363636363636364,0.7777777777777778,0.7000000000000001,0.615,0.25597851472340405
"Jar - 90% correlation filter, 18 K best feature",,,,,,,
,classification tree,0.631578947368421,0.5833333333333334,0.7777777777777778,0.6666666666666666,0.41,0.11999999999999998
,neural network,0.6842105263157895,0.8,0.4444444444444444,0.5714285714285714,0.475,0.2400520776831561
,naives bayes,0.5789473684210527,0.5384615384615384,0.7777777777777778,0.6363636363636364,0.52,0.24413111231467408
,KNN,0.8421052631578947,0.75,1.0,0.8571428571428571,0.5700000000000001,0.18601075237738277
,SVM,0.5789473684210527,0.5333333333333333,0.8888888888888888,0.6666666666666667,0.45499999999999996,0.1767059704707229
,random forest,0.6842105263157895,0.6363636363636364,0.7777777777777778,0.7000000000000001,0.5700000000000001,0.09797958971132713
"Jar - 80% correlation filter, 18 K best feature",,,,,,,
,FAILED,FAILED,FAILED,FAILED,FAILED,FAILED,FAILED
"Exe - No correlation filter, no K best feature",,,,,,,
,classification tree,0.5555555555555556,0.0,0.0,0.0,0.8,0.24494897427831783
,neural network,0.8888888888888888,0.0,0.0,0.0,0.6,0.3
,naives bayes,0.5555555555555556,0.0,0.0,0.0,0.55,0.2692582403567252
,KNN,0.8888888888888888,0.5,1.0,0.6666666666666666,0.75,0.25
,SVM,0.7777777777777778,0.3333333333333333,1.0,0.5,0.65,0.22912878474779197
,random forest,0.7777777777777778,0.0,0.0,0.0,0.65,0.32015621187164245
"Exe - 90% correlation filter, no K best feature",,,,,,,
,classification tree,0.6666666666666666,0.0,0.0,0.0,0.6,0.3
,neural network,0.8888888888888888,0.0,0.0,0.0,0.65,0.22912878474779197
,naives bayes,0.5555555555555556,0.0,0.0,0.0,0.25,0.33541019662496846
,KNN,0.7777777777777778,0.3333333333333333,1.0,0.5,0.75,0.25
,SVM,0.5555555555555556,0.2,1.0,0.33333333333333337,0.65,0.32015621187164245
,random forest,0.5555555555555556,0.0,0.0,0.0,0.6,0.30000000000000004
"Exe - 80% correlation filter, no K best feature",,,,,,,
,classification tree,0.7777777777777778,0.0,0.0,0.0,0.55,0.26925824035672524
,neural network,0.8888888888888888,0.0,0.0,0.0,0.6,0.2
,naives bayes,0.4444444444444444,0.0,0.0,0.0,0.3,0.24494897427831783
,KNN,0.7777777777777778,0.3333333333333333,1.0,0.5,0.75,0.25
,SVM,0.5555555555555556,0.2,1.0,0.33333333333333337,0.65,0.32015621187164245
,random forest,0.6666666666666666,0.25,1.0,0.4,0.7,0.24494897427831783
"Exe - No correlation filter, 5 K best feature",,,,,,,
,classification tree,0.5555555555555556,0.0,0.0,0.0,0.55,0.26925824035672524
,neural network,0.8888888888888888,0.0,0.0,0.0,0.65,0.22912878474779197
,naives bayes,0.6666666666666666,0.25,1.0,0.4,0.55,0.15
,KNN,0.7777777777777778,0.3333333333333333,1.0,0.5,0.75,0.25
,SVM,0.8888888888888888,0.5,1.0,0.6666666666666666,0.65,0.22912878474779197
,random forest,0.6666666666666666,0.0,0.0,0.0,0.7,0.24494897427831783
"Exe - 90% correlation filter, 5 K best feature",,,,,,,
,classification tree,0.5555555555555556,0.0,0.0,0.0,0.65,0.22912878474779202
,neural network,0.8888888888888888,0.0,0.0,0.0,0.65,0.22912878474779197
,naives bayes,0.6666666666666666,0.25,1.0,0.4,0.65,0.22912878474779197
,KNN,0.7777777777777778,0.3333333333333333,1.0,0.5,0.75,0.25
,SVM,0.6666666666666666,0.25,1.0,0.4,0.6,0.2
,random forest,0.6666666666666666,0.25,1.0,0.4,0.7,0.24494897427831783
"Exe - 80% correlation filter, 5 K best feature",,,,,,,
,classification tree,0.6666666666666666,0.0,0.0,0.0,0.65,0.22912878474779202
,neural network,0.8888888888888888,0.0,0.0,0.0,0.65,0.22912878474779197
,naives bayes,0.7777777777777778,0.0,0.0,0.0,0.6,0.30000000000000004
,KNN,0.7777777777777778,0.3333333333333333,1.0,0.5,0.75,0.25
,SVM,0.7777777777777778,0.3333333333333333,1.0,0.5,0.75,0.25
,random forest,0.7777777777777778,0.0,0.0,0.0,0.75,0.25
"Exe - No correlation filter, 10 K best feature",,,,,,,
,classification tree,0.5555555555555556,0.2,1.0,0.33333333333333337,0.55,0.2692582403567252
,neural network,0.8888888888888888,0.0,0.0,0.0,0.55,0.26925824035672524
,naives bayes,0.6666666666666666,0.25,1.0,0.4,0.55,0.15
,KNN,0.7777777777777778,0.3333333333333333,1.0,0.5,0.75,0.25
,SVM,0.7777777777777778,0.3333333333333333,1.0,0.5,0.7,0.33166247903554
,random forest,0.8888888888888888,0.5,1.0,0.6666666666666666,0.5,0.31622776601683794
"Exe - 90% correlation filter, 10 K best feature",,,,,,,
,classification tree,0.5555555555555556,0.0,0.0,0.0,0.6,0.30000000000000004
,neural network,0.8888888888888888,0.0,0.0,0.0,0.75,0.25
,naives bayes,0.6666666666666666,0.25,1.0,0.4,0.4,0.2
,KNN,0.7777777777777778,0.3333333333333333,1.0,0.5,0.75,0.25
,SVM,0.5555555555555556,0.2,1.0,0.33333333333333337,0.7,0.33166247903554
,random forest,0.7777777777777778,0.3333333333333333,1.0,0.5,0.65,0.22912878474779197
"Exe - 80% correlation filter, 10 K best feature",,,,,,,
,classification tree,0.5555555555555556,0.0,0.0,0.0,0.5,0.31622776601683794
,neural network,0.7777777777777778,0.0,0.0,0.0,0.7,0.24494897427831783
,naives bayes,0.5555555555555556,0.2,1.0,0.33333333333333337,0.4,0.30000000000000004
,KNN,0.7777777777777778,0.3333333333333333,1.0,0.5,0.75,0.25
,SVM,0.5555555555555556,0.2,1.0,0.33333333333333337,0.7,0.33166247903554
,random forest,0.6666666666666666,0.0,0.0,0.0,0.65,0.22912878474779197
"Exe - No correlation filter, 18 K best feature",,,,,,,
,classification tree,0.6666666666666666,0.0,0.0,0.0,0.5,0.31622776601683794
,neural network,0.8888888888888888,0.0,0.0,0.0,0.65,0.22912878474779197
,naives bayes,0.4444444444444444,0.16666666666666666,1.0,0.2857142857142857,0.45,0.26925824035672524
,KNN,0.7777777777777778,0.3333333333333333,1.0,0.5,0.75,0.25
,SVM,0.5555555555555556,0.2,1.0,0.33333333333333337,0.6,0.30000000000000004
,random forest,0.6666666666666666,0.0,0.0,0.0,0.55,0.35
"Exe - 90% correlation filter, 18 K best feature",,,,,,,
,classification tree,0.6666666666666666,0.0,0.0,0.0,0.6,0.3
,neural network,0.8888888888888888,0.0,0.0,0.0,0.65,0.22912878474779197
,naives bayes,0.5555555555555556,0.0,0.0,0.0,0.25,0.33541019662496846
,KNN,0.7777777777777778,0.3333333333333333,1.0,0.5,0.75,0.25
,SVM,0.5555555555555556,0.2,1.0,0.33333333333333337,0.65,0.32015621187164245
,random forest,0.5555555555555556,0.0,0.0,0.0,0.6,0.30000000000000004
"Exe - 80% correlation filter, 18 K best feature",,,,,,,
,FAILED,FAILED,FAILED,FAILED,FAILED,FAILED,FAILED
