,live.network.type.dns,live.network.type.http,live.network.type.connection,live.sys_calls.files.modified_count,live.sys_calls.registry.read,live.sys_calls.registry.write,live.sys_calls.registry.delete,live.memory.dll_count,live.persistence.suspicious_binaries_count,live.anomaly_detection.cpu.mean,live.anomaly_detection.memory.mean,live.network.regions.United States,live.network.regions.Netherlands,live.network.regions.Ireland,live.network.regions.Germany,live.network.regions.null,live.network.regions.France,live.network.regions.Russia,live.network.regions.United Kingdom,live.network.regions.Canada,live.network.regions.Sweden,live.network.regions.Colombia,live.network.regions.Finland,live.network.regions.Spain,live.network.regions.China,live.network.regions.India,live.network.regions.Japan,live.network.regions.Singapore,live.network.regions.Brazil,live.network.regions.Switzerland,static.high_entropy_strings,static.suspicious_API_calls,static.empty_catch_clauses,static.sensitive_keywords,static.jar_info.FileCount
0,15,2.0,16,1,187,0,0,63,0,0.0421568627450979,0.4439215686274512,2,8.0,7.0,13.0,3,0.0,0.0,0.0,0.0,0.0,0.0,0.0,0.0,0.0,0.0,0.0,0.0,0.0,0.0,42,30,38,72,11690
1,36,2.0,27,12141,8831,12,0,680,14,0.7326050420168067,0.5929411764705883,16,8.0,11.0,11.0,3,0.0,0.0,0.0,0.0,0.0,0.0,0.0,0.0,15.0,0.0,0.0,0.0,1.0,0.0,171,95,59,462,2254
2,14,4.0,20,3,264,0,0,63,0,0.035126050420168,0.4472549019607844,6,11.0,5.0,11.0,3,0.0,0.0,2.0,0.0,0.0,0.0,0.0,0.0,0.0,0.0,0.0,0.0,0.0,0.0,109,35,103,103,2000
3,56,3.0,32,7220,5795,23,0,245,0,0.0435428571428571,0.4801999999999997,35,12.0,8.0,33.0,3,0.0,0.0,0.0,0.0,0.0,0.0,0.0,0.0,0.0,0.0,0.0,0.0,0.0,0.0,35,42,40,47,193
4,6,1.0,15,4,411,0,0,101,0,0.049742857142857,0.4487999999999996,4,10.0,2.0,3.0,3,0.0,0.0,0.0,0.0,0.0,0.0,0.0,0.0,0.0,0.0,0.0,0.0,0.0,0.0,388,70,32,766,1753
5,19,2.0,19,1,892,12,0,63,0,0.0458571428571428,0.4475999999999999,14,5.0,3.0,15.0,3,0.0,0.0,0.0,0.0,0.0,0.0,0.0,0.0,0.0,0.0,0.0,0.0,0.0,0.0,4,0,0,1,11248
6,8,0.0,24,6,2066,20,0,97,0,0.0440285714285713,0.4678000000000002,7,10.0,12.0,0.0,3,0.0,0.0,0.0,0.0,0.0,0.0,0.0,0.0,0.0,0.0,0.0,0.0,0.0,0.0,491,176,232,1208,44656
7,9,2.0,14,3,248,0,0,63,0,0.0346218487394957,0.4168627450980392,6,2.0,4.0,9.0,3,1.0,0.0,0.0,0.0,0.0,0.0,0.0,0.0,0.0,0.0,0.0,0.0,0.0,0.0,100,59,105,110,1688
8,4,0.0,13,1,203,0,0,63,0,0.0419714285714285,0.4515999999999996,6,6.0,3.0,0.0,2,0.0,0.0,0.0,0.0,0.0,0.0,0.0,0.0,0.0,0.0,0.0,0.0,0.0,0.0,1544,122,157,303,6616
9,8,1.0,17,3,950,12,0,63,0,0.033942857142857,0.4073999999999998,7,3.0,3.0,3.0,3,0.0,0.0,0.0,0.0,7.0,0.0,0.0,0.0,0.0,0.0,0.0,0.0,0.0,0.0,60,54,34,52,847
10,28,5.0,29,10,712,0,0,233,0,0.0494957983193276,0.4829411764705884,30,8.0,7.0,11.0,3,1.0,0.0,0.0,0.0,0.0,0.0,0.0,0.0,0.0,2.0,0.0,0.0,0.0,0.0,78,31,11,46,795
11,10,2.0,14,17,2003,20,0,63,0,0.0407002801120447,0.4605882352941178,2,5.0,7.0,9.0,3,0.0,0.0,0.0,0.0,0.0,0.0,0.0,0.0,0.0,0.0,0.0,0.0,0.0,0.0,856,86,93,557,44356
12,47,22.0,30,296,10606,72,1,74,0,0.1164145658263304,0.5668627450980388,43,9.0,12.0,30.0,5,0.0,0.0,0.0,0.0,0.0,0.0,0.0,0.0,0.0,0.0,0.0,0.0,0.0,0.0,82,18,21,239,42109
13,11,1.0,13,1,203,0,0,63,0,0.0525210084033612,0.4486274509803917,2,11.0,0.0,9.0,3,0.0,0.0,0.0,0.0,0.0,0.0,0.0,0.0,0.0,0.0,0.0,0.0,0.0,0.0,50,34,28,39,794
14,18,3.0,19,3,264,0,0,63,0,0.0418571428571427,0.4382000000000002,8,8.0,8.0,13.0,3,0.0,0.0,0.0,0.0,0.0,0.0,0.0,0.0,0.0,0.0,0.0,0.0,0.0,0.0,0,0,0,12,8348
15,13,1.0,11,3,950,12,0,63,0,0.0401142857142856,0.4370000000000003,2,3.0,4.0,13.0,3,0.0,0.0,0.0,0.0,0.0,0.0,0.0,0.0,0.0,0.0,0.0,0.0,0.0,0.0,2,0,0,0,231
16,19,0.0,31,7,672,0,0,170,0,0.0355142857142856,0.4112,5,30.0,10.0,0.0,3,0.0,0.0,0.0,2.0,0.0,0.0,0.0,0.0,0.0,0.0,0.0,0.0,0.0,0.0,3,0,1,6,197
17,13,1.0,13,4,2350,31,0,78,0,0.0805999999999999,0.4502000000000001,2,1.0,7.0,13.0,4,0.0,0.0,0.0,0.0,0.0,0.0,0.0,0.0,0.0,0.0,0.0,0.0,0.0,0.0,384,160,220,801,22521
18,8,1.0,19,2,966,12,0,63,0,0.0396571428571427,0.4108,4,3.0,11.0,7.0,3,0.0,0.0,0.0,0.0,0.0,0.0,0.0,0.0,0.0,0.0,0.0,0.0,0.0,0.0,13,0,0,2,4520
19,16,3.0,23,17,2003,20,0,63,0,0.0436134453781511,0.4301960784313723,5,12.0,13.0,9.0,3,0.0,0.0,0.0,0.0,0.0,0.0,0.0,0.0,0.0,0.0,0.0,0.0,0.0,0.0,508,165,199,1368,36381
20,60,3.0,33,18,2740,0,0,146,0,0.1086571428571428,0.5012000000000003,36,10.0,4.0,41.0,3,2.0,0.0,0.0,0.0,0.0,0.0,0.0,0.0,0.0,0.0,0.0,0.0,0.0,0.0,0,0,0,0,427
21,21,2.0,16,37,500,0,0,93,0,0.0448739495798318,0.4498039215686276,17,7.0,1.0,11.0,3,0.0,0.0,0.0,0.0,0.0,0.0,0.0,0.0,0.0,0.0,0.0,0.0,0.0,0.0,114,62,46,233,3139
22,12,0.0,13,1,203,0,0,63,0,0.0487114845938374,0.4396078431372551,2,1.0,9.0,10.0,3,0.0,0.0,0.0,0.0,0.0,0.0,0.0,0.0,0.0,0.0,0.0,0.0,0.0,0.0,79,56,44,87,1261
23,7,1.0,16,3,258,0,0,63,0,0.0342857142857142,0.446,9,0.0,8.0,3.0,3,1.0,0.0,0.0,0.0,0.0,0.0,0.0,0.0,0.0,0.0,0.0,0.0,0.0,0.0,9,0,1,5,10749
24,21,0.0,23,165,9399,45,1,1183,0,0.0941614906832297,0.4673913043478264,13,2.0,7.0,11.0,6,0.0,0.0,0.0,0.0,0.0,3.0,0.0,2.0,0.0,0.0,0.0,0.0,0.0,0.0,173,39,87,283,2287
25,5,0.0,14,1,203,0,0,63,0,0.0472268907563024,0.4413725490196081,4,3.0,9.0,0.0,3,0.0,0.0,0.0,0.0,0.0,0.0,0.0,0.0,0.0,0.0,0.0,0.0,0.0,0.0,162,40,85,60,6615
26,8,2.0,15,5,1851,20,0,31,0,0.0478857142857142,0.4594000000000005,6,6.0,2.0,7.0,3,1.0,0.0,0.0,0.0,0.0,0.0,0.0,0.0,0.0,0.0,0.0,0.0,0.0,0.0,0,0,0,0,9873
27,30,4.0,33,1074,3767,20,0,174,0,0.1075070028011204,0.520392156862745,34,16.0,10.0,3.0,3,0.0,0.0,0.0,0.0,0.0,0.0,0.0,0.0,0.0,0.0,0.0,1.0,0.0,0.0,92,32,18,43,586
28,4,0.0,9,1,213,0,0,74,0,0.0398338870431893,0.4681395348837213,4,3.0,0.0,3.0,3,0.0,0.0,0.0,0.0,0.0,0.0,0.0,0.0,0.0,0.0,0.0,0.0,0.0,0.0,11,0,0,0,10213
29,30,0.0,44,4,305,0,0,89,0,0.0342571428571428,0.4572000000000001,9,30.0,32.0,0.0,3,0.0,0.0,0.0,0.0,0.0,0.0,0.0,0.0,0.0,0.0,0.0,0.0,0.0,0.0,3035,156,172,640,5781
30,14,1.0,11,3,966,12,0,63,0,0.0359142857142856,0.4454000000000002,3,5.0,2.0,10.0,3,0.0,0.0,0.0,0.0,0.0,0.0,0.0,0.0,0.0,0.0,0.0,0.0,0.0,3.0,70,44,24,57,1618
31,16,1.0,14,3,290,0,0,78,0,0.044142857142857,0.4120000000000001,10,5.0,2.0,11.0,3,0.0,0.0,0.0,0.0,0.0,0.0,0.0,0.0,0.0,0.0,0.0,0.0,0.0,0.0,123,70,189,316,19501
32,5,1.0,14,3,1791,20,0,31,0,0.0927450980392155,0.4550980392156867,2,7.0,4.0,4.0,3,0.0,0.0,0.0,0.0,0.0,0.0,0.0,0.0,0.0,0.0,0.0,0.0,0.0,0.0,381,106,245,343,8856
33,4,1.0,11,1,203,0,0,63,0,0.0376571428571428,0.4580000000000002,2,6.0,2.0,3.0,3,0.0,0.0,0.0,0.0,0.0,0.0,0.0,0.0,0.0,0.0,0.0,0.0,0.0,0.0,74,65,21,58,1597
34,2,0.0,6,3,258,0,0,63,0,0.069090909090909,0.4545454545454547,2,1.0,2.0,0.0,3,0.0,0.0,0.0,0.0,0.0,0.0,0.0,0.0,0.0,0.0,0.0,0.0,0.0,0.0,285,0,0,333,14407
35,13,1.0,15,2,2309,42,0,63,0,0.0442577030812324,0.4188235294117651,2,5.0,6.0,13.0,3,0.0,0.0,0.0,0.0,0.0,0.0,0.0,0.0,0.0,0.0,0.0,0.0,0.0,0.0,55,19,6,73,460
36,82,39.0,57,344,8789,50,1,1589,0,0.0671428571428571,0.5582,81,24.0,6.0,46.0,5,0.0,0.0,0.0,0.0,0.0,12.0,0.0,2.0,0.0,0.0,2.0,0.0,0.0,0.0,6,1,2,13,204
37,36,3203.0,22,78,844,0,0,217,0,0.3801960784313727,0.546078431372549,3241,3.0,0.0,3.0,3,0.0,0.0,0.0,5.0,0.0,0.0,0.0,0.0,0.0,0.0,0.0,0.0,6.0,0.0,3,6,3,9,79
38,7,1.0,18,1,1230,19,0,31,0,0.0437254901960783,0.4247058823529414,7,5.0,11.0,0.0,3,0.0,0.0,0.0,0.0,0.0,0.0,0.0,0.0,0.0,0.0,0.0,0.0,0.0,0.0,44,7,26,22,5901
39,5,1.0,17,3,248,0,0,63,0,0.0417927170868346,0.4374509803921572,6,3.0,8.0,3.0,3,0.0,0.0,0.0,0.0,0.0,0.0,0.0,0.0,0.0,0.0,0.0,0.0,0.0,0.0,1,0,0,4,11
40,29,14.0,28,2,474,0,0,112,0,0.0856571428571427,0.4811999999999997,11,11.0,6.0,27.0,4,0.0,0.0,7.0,5.0,0.0,0.0,0.0,0.0,0.0,0.0,0.0,0.0,0.0,0.0,21,29,13,45,206
41,8,1.0,18,21,2202,20,0,78,0,0.0715126050420167,0.4635294117647062,6,6.0,7.0,5.0,3,0.0,0.0,0.0,0.0,0.0,0.0,0.0,0.0,0.0,0.0,0.0,0.0,0.0,0.0,499,199,235,1440,38368
